file;vertices;edges;time;solsize;recsteps;finished;verified
/home/zia/studies/Algorithm_Engineering/AlgorithmEngineering/wce-students/3-actionseq/a001.dimacs;10;8;0.00;41;13;1;correct;
/home/zia/studies/Algorithm_Engineering/AlgorithmEngineering/wce-students/3-actionseq/a003.dimacs;10;7;0.01;142;50;1;correct;
/home/zia/studies/Algorithm_Engineering/AlgorithmEngineering/wce-students/3-actionseq/a005.dimacs;10;14;0.02;229;132;1;correct;
/home/zia/studies/Algorithm_Engineering/AlgorithmEngineering/wce-students/3-actionseq/a007.dimacs;10;3;0.00;0;2;1;correct;
/home/zia/studies/Algorithm_Engineering/AlgorithmEngineering/wce-students/3-actionseq/a009.dimacs;10;3;0.00;28;19;1;correct;
/home/zia/studies/Algorithm_Engineering/AlgorithmEngineering/wce-students/3-actionseq/a011.dimacs;20;8;0.00;24;11;1;correct;
/home/zia/studies/Algorithm_Engineering/AlgorithmEngineering/wce-students/3-actionseq/a013.dimacs;20;20;0.03;204;89;1;correct;
/home/zia/studies/Algorithm_Engineering/AlgorithmEngineering/wce-students/3-actionseq/a015.dimacs;20;15;0.01;259;25;1;correct;
/home/zia/studies/Algorithm_Engineering/AlgorithmEngineering/wce-students/3-actionseq/a017.dimacs;20;23;0.06;328;199;1;correct;
/home/zia/studies/Algorithm_Engineering/AlgorithmEngineering/wce-students/3-actionseq/a019.dimacs;20;10;0.01;252;59;1;correct;
/home/zia/studies/Algorithm_Engineering/AlgorithmEngineering/wce-students/3-actionseq/a021.dimacs;50;68;6.40;1366;6925;1;correct;
/home/zia/studies/Algorithm_Engineering/AlgorithmEngineering/wce-students/3-actionseq/a023.dimacs;50;97;;;;0;
/home/zia/studies/Algorithm_Engineering/AlgorithmEngineering/wce-students/3-actionseq/a025.dimacs;50;170;;;;0;
/home/zia/studies/Algorithm_Engineering/AlgorithmEngineering/wce-students/3-actionseq/a027.dimacs;75;200;;;;0;
/home/zia/studies/Algorithm_Engineering/AlgorithmEngineering/wce-students/3-actionseq/a029.dimacs;75;262;;;;0;
/home/zia/studies/Algorithm_Engineering/AlgorithmEngineering/wce-students/3-actionseq/a031.dimacs;100;390;;;;0;
/home/zia/studies/Algorithm_Engineering/AlgorithmEngineering/wce-students/3-actionseq/a033.dimacs;100;371;;;;0;
/home/zia/studies/Algorithm_Engineering/AlgorithmEngineering/wce-students/3-actionseq/a035.dimacs;100;335;;;;0;
/home/zia/studies/Algorithm_Engineering/AlgorithmEngineering/wce-students/3-actionseq/a037.dimacs;100;375;;;;0;
/home/zia/studies/Algorithm_Engineering/AlgorithmEngineering/wce-students/3-actionseq/a039.dimacs;100;372;;;;0;
/home/zia/studies/Algorithm_Engineering/AlgorithmEngineering/wce-students/3-actionseq/a041.dimacs;100;418;;;;0;
/home/zia/studies/Algorithm_Engineering/AlgorithmEngineering/wce-students/1-random/r001.dimacs;10;22;0.02;93;60;1;correct;
/home/zia/studies/Algorithm_Engineering/AlgorithmEngineering/wce-students/1-random/r003.dimacs;10;13;0.01;66;45;1;correct;
/home/zia/studies/Algorithm_Engineering/AlgorithmEngineering/wce-students/1-random/r005.dimacs;10;22;0.01;62;13;1;correct;
/home/zia/studies/Algorithm_Engineering/AlgorithmEngineering/wce-students/1-random/r007.dimacs;10;17;0.02;98;81;1;correct;
/home/zia/studies/Algorithm_Engineering/AlgorithmEngineering/wce-students/1-random/r009.dimacs;10;22;0.02;93;60;1;correct;
/home/zia/studies/Algorithm_Engineering/AlgorithmEngineering/wce-students/1-random/r011.dimacs;10;13;0.01;66;45;1;correct;
/home/zia/studies/Algorithm_Engineering/AlgorithmEngineering/wce-students/1-random/r013.dimacs;10;22;0.01;62;13;1;correct;
/home/zia/studies/Algorithm_Engineering/AlgorithmEngineering/wce-students/1-random/r015.dimacs;10;17;0.02;98;81;1;correct;
/home/zia/studies/Algorithm_Engineering/AlgorithmEngineering/wce-students/1-random/r017.dimacs;10;22;0.02;93;60;1;correct;
/home/zia/studies/Algorithm_Engineering/AlgorithmEngineering/wce-students/1-random/r019.dimacs;10;13;0.01;66;45;1;correct;
/home/zia/studies/Algorithm_Engineering/AlgorithmEngineering/wce-students/1-random/r021.dimacs;10;22;0.01;62;13;1;correct;
/home/zia/studies/Algorithm_Engineering/AlgorithmEngineering/wce-students/1-random/r023.dimacs;10;17;0.02;98;81;1;correct;
/home/zia/studies/Algorithm_Engineering/AlgorithmEngineering/wce-students/1-random/r025.dimacs;10;20;0.01;85;51;1;correct;
/home/zia/studies/Algorithm_Engineering/AlgorithmEngineering/wce-students/1-random/r027.dimacs;10;20;0.01;85;51;1;correct;
/home/zia/studies/Algorithm_Engineering/AlgorithmEngineering/wce-students/1-random/r029.dimacs;10;20;0.01;85;51;1;correct;
/home/zia/studies/Algorithm_Engineering/AlgorithmEngineering/wce-students/1-random/r031.dimacs;20;159;1.55;367;628;1;correct;
/home/zia/studies/Algorithm_Engineering/AlgorithmEngineering/wce-students/1-random/r033.dimacs;20;162;0.86;280;330;1;correct;
/home/zia/studies/Algorithm_Engineering/AlgorithmEngineering/wce-students/1-random/r035.dimacs;20;165;0.19;243;87;1;correct;
/home/zia/studies/Algorithm_Engineering/AlgorithmEngineering/wce-students/1-random/r037.dimacs;20;159;1.56;367;628;1;correct;
/home/zia/studies/Algorithm_Engineering/AlgorithmEngineering/wce-students/1-random/r039.dimacs;20;162;0.86;280;330;1;correct;
/home/zia/studies/Algorithm_Engineering/AlgorithmEngineering/wce-students/1-random/r041.dimacs;20;116;0.15;233;129;1;correct;
/home/zia/studies/Algorithm_Engineering/AlgorithmEngineering/wce-students/1-random/r043.dimacs;20;72;1.10;336;1213;1;correct;
/home/zia/studies/Algorithm_Engineering/AlgorithmEngineering/wce-students/1-random/r045.dimacs;20;108;0.69;359;518;1;correct;
/home/zia/studies/Algorithm_Engineering/AlgorithmEngineering/wce-students/1-random/r047.dimacs;20;104;0.96;322;717;1;correct;
/home/zia/studies/Algorithm_Engineering/AlgorithmEngineering/wce-students/1-random/r049.dimacs;20;66;2.65;469;3566;1;correct;
/home/zia/studies/Algorithm_Engineering/AlgorithmEngineering/wce-students/1-random/r051.dimacs;20;114;1.45;411;868;1;correct;
/home/zia/studies/Algorithm_Engineering/AlgorithmEngineering/wce-students/1-random/r053.dimacs;20;114;0.86;440;590;1;correct;
/home/zia/studies/Algorithm_Engineering/AlgorithmEngineering/wce-students/1-random/r055.dimacs;20;116;0.15;233;129;1;correct;
/home/zia/studies/Algorithm_Engineering/AlgorithmEngineering/wce-students/1-random/r057.dimacs;20;72;1.10;336;1213;1;correct;
/home/zia/studies/Algorithm_Engineering/AlgorithmEngineering/wce-students/1-random/r059.dimacs;20;108;0.69;359;518;1;correct;
/home/zia/studies/Algorithm_Engineering/AlgorithmEngineering/wce-students/1-random/r061.dimacs;30;231;41.19;699;12892;1;correct;
/home/zia/studies/Algorithm_Engineering/AlgorithmEngineering/wce-students/1-random/r063.dimacs;30;141;38.24;851;18572;1;correct;
/home/zia/studies/Algorithm_Engineering/AlgorithmEngineering/wce-students/1-random/r065.dimacs;30;223;50.43;1019;13660;1;correct;
/home/zia/studies/Algorithm_Engineering/AlgorithmEngineering/wce-students/1-random/r067.dimacs;30;159;87.94;933;40957;1;correct;
/home/zia/studies/Algorithm_Engineering/AlgorithmEngineering/wce-students/1-random/r069.dimacs;30;197;27.36;793;9318;1;correct;
/home/zia/studies/Algorithm_Engineering/AlgorithmEngineering/wce-students/1-random/r071.dimacs;30;165;76.07;893;33607;1;correct;
/home/zia/studies/Algorithm_Engineering/AlgorithmEngineering/wce-students/1-random/r073.dimacs;30;165;76.58;893;33607;1;correct;
/home/zia/studies/Algorithm_Engineering/AlgorithmEngineering/wce-students/1-random/r075.dimacs;30;150;51.54;707;29996;1;correct;
/home/zia/studies/Algorithm_Engineering/AlgorithmEngineering/wce-students/1-random/r077.dimacs;30;163;53.34;889;24787;1;correct;
/home/zia/studies/Algorithm_Engineering/AlgorithmEngineering/wce-students/1-random/r079.dimacs;30;163;54.29;889;24787;1;correct;
/home/zia/studies/Algorithm_Engineering/AlgorithmEngineering/wce-students/1-random/r081.dimacs;40;440;;;;0;
/home/zia/studies/Algorithm_Engineering/AlgorithmEngineering/wce-students/1-random/r083.dimacs;40;302;;;;0;
/home/zia/studies/Algorithm_Engineering/AlgorithmEngineering/wce-students/1-random/r085.dimacs;40;291;;;;0;
/home/zia/studies/Algorithm_Engineering/AlgorithmEngineering/wce-students/1-random/r087.dimacs;40;421;;;;0;
/home/zia/studies/Algorithm_Engineering/AlgorithmEngineering/wce-students/1-random/r089.dimacs;40;346;;;;0;
/home/zia/studies/Algorithm_Engineering/AlgorithmEngineering/wce-students/1-random/r091.dimacs;40;276;;;;0;
/home/zia/studies/Algorithm_Engineering/AlgorithmEngineering/wce-students/1-random/r093.dimacs;40;533;;;;0;
/home/zia/studies/Algorithm_Engineering/AlgorithmEngineering/wce-students/1-random/r095.dimacs;40;377;;;;0;
/home/zia/studies/Algorithm_Engineering/AlgorithmEngineering/wce-students/1-random/r097.dimacs;50;747;;;;0;
/home/zia/studies/Algorithm_Engineering/AlgorithmEngineering/wce-students/1-random/r099.dimacs;50;439;;;;0;
/home/zia/studies/Algorithm_Engineering/AlgorithmEngineering/wce-students/2-real-world/w001.dimacs;4;3;0.01;0;2;1;correct;
/home/zia/studies/Algorithm_Engineering/AlgorithmEngineering/wce-students/2-real-world/w003.dimacs;6;8;0.01;21;11;1;correct;
/home/zia/studies/Algorithm_Engineering/AlgorithmEngineering/wce-students/2-real-world/w005.dimacs;16;118;0.04;4;5;1;correct;
/home/zia/studies/Algorithm_Engineering/AlgorithmEngineering/wce-students/2-real-world/w007.dimacs;16;107;0.05;7;7;1;correct;
/home/zia/studies/Algorithm_Engineering/AlgorithmEngineering/wce-students/2-real-world/w009.dimacs;13;77;0.02;8;7;1;correct;
/home/zia/studies/Algorithm_Engineering/AlgorithmEngineering/wce-students/2-real-world/w011.dimacs;14;88;0.03;10;9;1;correct;
/home/zia/studies/Algorithm_Engineering/AlgorithmEngineering/wce-students/2-real-world/w013.dimacs;15;48;0.03;14;9;1;correct;
/home/zia/studies/Algorithm_Engineering/AlgorithmEngineering/wce-students/2-real-world/w015.dimacs;10;14;0.01;16;9;1;correct;
/home/zia/studies/Algorithm_Engineering/AlgorithmEngineering/wce-students/2-real-world/w017.dimacs;14;60;0.02;20;11;1;correct;
/home/zia/studies/Algorithm_Engineering/AlgorithmEngineering/wce-students/2-real-world/w019.dimacs;16;112;0.05;22;11;1;correct;
/home/zia/studies/Algorithm_Engineering/AlgorithmEngineering/wce-students/2-real-world/w021.dimacs;11;22;0.03;24;27;1;correct;
/home/zia/studies/Algorithm_Engineering/AlgorithmEngineering/wce-students/2-real-world/w023.dimacs;16;39;0.19;80;168;1;correct;
/home/zia/studies/Algorithm_Engineering/AlgorithmEngineering/wce-students/2-real-world/w025.dimacs;16;95;0.06;84;19;1;correct;
/home/zia/studies/Algorithm_Engineering/AlgorithmEngineering/wce-students/2-real-world/w027.dimacs;16;84;0.08;88;15;1;correct;
/home/zia/studies/Algorithm_Engineering/AlgorithmEngineering/wce-students/2-real-world/w029.dimacs;16;68;0.05;92;25;1;correct;
/home/zia/studies/Algorithm_Engineering/AlgorithmEngineering/wce-students/2-real-world/w031.dimacs;13;75;0.11;102;61;1;correct;
/home/zia/studies/Algorithm_Engineering/AlgorithmEngineering/wce-students/2-real-world/w033.dimacs;16;48;0.05;105;18;1;correct;
/home/zia/studies/Algorithm_Engineering/AlgorithmEngineering/wce-students/2-real-world/w035.dimacs;16;45;0.08;122;42;1;correct;
/home/zia/studies/Algorithm_Engineering/AlgorithmEngineering/wce-students/2-real-world/w037.dimacs;15;45;0.61;140;315;1;correct;
/home/zia/studies/Algorithm_Engineering/AlgorithmEngineering/wce-students/2-real-world/w039.dimacs;18;139;0.05;7;7;1;correct;
/home/zia/studies/Algorithm_Engineering/AlgorithmEngineering/wce-students/2-real-world/w041.dimacs;17;40;0.03;16;9;1;correct;
/home/zia/studies/Algorithm_Engineering/AlgorithmEngineering/wce-students/2-real-world/w043.dimacs;16;92;0.08;21;11;1;correct;
/home/zia/studies/Algorithm_Engineering/AlgorithmEngineering/wce-students/2-real-world/w045.dimacs;15;86;0.04;27;11;1;correct;
/home/zia/studies/Algorithm_Engineering/AlgorithmEngineering/wce-students/2-real-world/w047.dimacs;15;81;0.07;38;15;1;correct;
/home/zia/studies/Algorithm_Engineering/AlgorithmEngineering/wce-students/2-real-world/w049.dimacs;18;143;0.10;46;13;1;correct;
/home/zia/studies/Algorithm_Engineering/AlgorithmEngineering/wce-students/2-real-world/w051.dimacs;17;115;0.05;53;13;1;correct;
/home/zia/studies/Algorithm_Engineering/AlgorithmEngineering/wce-students/2-real-world/w053.dimacs;15;82;0.07;56;13;1;correct;
/home/zia/studies/Algorithm_Engineering/AlgorithmEngineering/wce-students/2-real-world/w055.dimacs;43;268;;;;0;
/home/zia/studies/Algorithm_Engineering/AlgorithmEngineering/wce-students/2-real-world/w057.dimacs;44;893;2.35;216;117;1;correct;
/home/zia/studies/Algorithm_Engineering/AlgorithmEngineering/wce-students/2-real-world/w059.dimacs;44;784;;;;0;
/home/zia/studies/Algorithm_Engineering/AlgorithmEngineering/wce-students/2-real-world/w061.dimacs;44;634;;;;0;
/home/zia/studies/Algorithm_Engineering/AlgorithmEngineering/wce-students/2-real-world/w063.dimacs;44;759;0.55;280;24;1;correct;
/home/zia/studies/Algorithm_Engineering/AlgorithmEngineering/wce-students/2-real-world/w065.dimacs;44;304;1.91;345;212;1;correct;
/home/zia/studies/Algorithm_Engineering/AlgorithmEngineering/wce-students/2-real-world/w067.dimacs;44;554;104.42;787;9829;1;correct;
/home/zia/studies/Algorithm_Engineering/AlgorithmEngineering/wce-students/2-real-world/w069.dimacs;44;910;0.37;153;17;1;correct;
/home/zia/studies/Algorithm_Engineering/AlgorithmEngineering/wce-students/2-real-world/w071.dimacs;45;313;3.61;226;366;1;correct;
/home/zia/studies/Algorithm_Engineering/AlgorithmEngineering/wce-students/2-real-world/w073.dimacs;45;926;5.57;158;195;1;correct;
/home/zia/studies/Algorithm_Engineering/AlgorithmEngineering/wce-students/2-real-world/w075.dimacs;45;438;47.06;774;3065;1;correct;
/home/zia/studies/Algorithm_Engineering/AlgorithmEngineering/wce-students/2-real-world/w077.dimacs;45;635;251.85;1321;9214;1;correct;
/home/zia/studies/Algorithm_Engineering/AlgorithmEngineering/wce-students/2-real-world/w079.dimacs;42;470;;;;0;
/home/zia/studies/Algorithm_Engineering/AlgorithmEngineering/wce-students/2-real-world/w081.dimacs;45;833;19.36;840;736;1;correct;
/home/zia/studies/Algorithm_Engineering/AlgorithmEngineering/wce-students/2-real-world/w083.dimacs;45;811;101.44;774;3107;1;correct;
/home/zia/studies/Algorithm_Engineering/AlgorithmEngineering/wce-students/2-real-world/w085.dimacs;45;782;;;;0;
/home/zia/studies/Algorithm_Engineering/AlgorithmEngineering/wce-students/2-real-world/w087.dimacs;46;927;2.65;343;41;1;correct;
/home/zia/studies/Algorithm_Engineering/AlgorithmEngineering/wce-students/2-real-world/w089.dimacs;49;515;;;;0;
/home/zia/studies/Algorithm_Engineering/AlgorithmEngineering/wce-students/2-real-world/w091.dimacs;64;902;;;;0;
/home/zia/studies/Algorithm_Engineering/AlgorithmEngineering/wce-students/2-real-world/w093.dimacs;62;1785;11.87;645;161;1;correct;
/home/zia/studies/Algorithm_Engineering/AlgorithmEngineering/wce-students/2-real-world/w095.dimacs;64;1632;;;;0;
/home/zia/studies/Algorithm_Engineering/AlgorithmEngineering/wce-students/2-real-world/w097.dimacs;60;805;;;;0;
/home/zia/studies/Algorithm_Engineering/AlgorithmEngineering/wce-students/2-real-world/w099.dimacs;65;2023;6.54;428;58;1;correct;
/home/zia/studies/Algorithm_Engineering/AlgorithmEngineering/wce-students/2-real-world/w101.dimacs;65;1254;;;;0;
