file;vertices;edges;time;solsize;recsteps;finished;verified
/home/zia/studies/Algorithm_Engineering/AlgorithmEngineering/wce-students/3-actionseq/a001.dimacs;10;8;0.13;41;0;1;correct;
/home/zia/studies/Algorithm_Engineering/AlgorithmEngineering/wce-students/3-actionseq/a003.dimacs;10;7;0.08;142;0;1;correct;
/home/zia/studies/Algorithm_Engineering/AlgorithmEngineering/wce-students/3-actionseq/a005.dimacs;10;14;0.10;229;0;1;correct;
/home/zia/studies/Algorithm_Engineering/AlgorithmEngineering/wce-students/3-actionseq/a007.dimacs;10;3;0.05;0;0;1;correct;
/home/zia/studies/Algorithm_Engineering/AlgorithmEngineering/wce-students/3-actionseq/a009.dimacs;10;3;0.08;28;0;1;correct;
/home/zia/studies/Algorithm_Engineering/AlgorithmEngineering/wce-students/3-actionseq/a011.dimacs;20;8;0.30;24;0;1;correct;
/home/zia/studies/Algorithm_Engineering/AlgorithmEngineering/wce-students/3-actionseq/a013.dimacs;20;20;0.55;204;0;1;correct;
/home/zia/studies/Algorithm_Engineering/AlgorithmEngineering/wce-students/3-actionseq/a015.dimacs;20;15;0.30;259;0;1;correct;
/home/zia/studies/Algorithm_Engineering/AlgorithmEngineering/wce-students/3-actionseq/a017.dimacs;20;23;0.91;328;0;1;correct;
/home/zia/studies/Algorithm_Engineering/AlgorithmEngineering/wce-students/3-actionseq/a019.dimacs;20;10;0.60;252;0;1;correct;
/home/zia/studies/Algorithm_Engineering/AlgorithmEngineering/wce-students/3-actionseq/a021.dimacs;50;68;41.01;1366;0;1;correct;
/home/zia/studies/Algorithm_Engineering/AlgorithmEngineering/wce-students/3-actionseq/a023.dimacs;50;97;;;;0;
/home/zia/studies/Algorithm_Engineering/AlgorithmEngineering/wce-students/3-actionseq/a025.dimacs;50;170;;;;0;
/home/zia/studies/Algorithm_Engineering/AlgorithmEngineering/wce-students/3-actionseq/a027.dimacs;75;200;;;;0;
/home/zia/studies/Algorithm_Engineering/AlgorithmEngineering/wce-students/3-actionseq/a029.dimacs;75;262;;;;0;
/home/zia/studies/Algorithm_Engineering/AlgorithmEngineering/wce-students/3-actionseq/a031.dimacs;100;390;;;;0;
/home/zia/studies/Algorithm_Engineering/AlgorithmEngineering/wce-students/3-actionseq/a033.dimacs;100;371;;;;0;
/home/zia/studies/Algorithm_Engineering/AlgorithmEngineering/wce-students/3-actionseq/a035.dimacs;100;335;;;;0;
/home/zia/studies/Algorithm_Engineering/AlgorithmEngineering/wce-students/3-actionseq/a037.dimacs;100;375;;;;0;
/home/zia/studies/Algorithm_Engineering/AlgorithmEngineering/wce-students/3-actionseq/a039.dimacs;100;372;;;;0;
/home/zia/studies/Algorithm_Engineering/AlgorithmEngineering/wce-students/3-actionseq/a041.dimacs;100;418;;;;0;
/home/zia/studies/Algorithm_Engineering/AlgorithmEngineering/wce-students/1-random/r001.dimacs;10;22;0.14;93;0;1;correct;
/home/zia/studies/Algorithm_Engineering/AlgorithmEngineering/wce-students/1-random/r003.dimacs;10;13;0.16;66;0;1;correct;
/home/zia/studies/Algorithm_Engineering/AlgorithmEngineering/wce-students/1-random/r005.dimacs;10;22;0.15;62;0;1;correct;
/home/zia/studies/Algorithm_Engineering/AlgorithmEngineering/wce-students/1-random/r007.dimacs;10;17;0.16;98;0;1;correct;
/home/zia/studies/Algorithm_Engineering/AlgorithmEngineering/wce-students/1-random/r009.dimacs;10;22;0.10;93;0;1;correct;
/home/zia/studies/Algorithm_Engineering/AlgorithmEngineering/wce-students/1-random/r011.dimacs;10;13;0.08;66;0;1;correct;
/home/zia/studies/Algorithm_Engineering/AlgorithmEngineering/wce-students/1-random/r013.dimacs;10;22;0.09;62;0;1;correct;
/home/zia/studies/Algorithm_Engineering/AlgorithmEngineering/wce-students/1-random/r015.dimacs;10;17;0.10;98;0;1;correct;
/home/zia/studies/Algorithm_Engineering/AlgorithmEngineering/wce-students/1-random/r017.dimacs;10;22;0.12;93;0;1;correct;
/home/zia/studies/Algorithm_Engineering/AlgorithmEngineering/wce-students/1-random/r019.dimacs;10;13;0.11;66;0;1;correct;
/home/zia/studies/Algorithm_Engineering/AlgorithmEngineering/wce-students/1-random/r021.dimacs;10;22;0.09;62;0;1;correct;
/home/zia/studies/Algorithm_Engineering/AlgorithmEngineering/wce-students/1-random/r023.dimacs;10;17;0.13;98;0;1;correct;
/home/zia/studies/Algorithm_Engineering/AlgorithmEngineering/wce-students/1-random/r025.dimacs;10;20;0.10;85;0;1;correct;
/home/zia/studies/Algorithm_Engineering/AlgorithmEngineering/wce-students/1-random/r027.dimacs;10;20;0.10;85;0;1;correct;
/home/zia/studies/Algorithm_Engineering/AlgorithmEngineering/wce-students/1-random/r029.dimacs;10;20;0.11;85;0;1;correct;
/home/zia/studies/Algorithm_Engineering/AlgorithmEngineering/wce-students/1-random/r031.dimacs;20;159;2.29;367;0;1;correct;
/home/zia/studies/Algorithm_Engineering/AlgorithmEngineering/wce-students/1-random/r033.dimacs;20;162;1.87;280;0;1;correct;
/home/zia/studies/Algorithm_Engineering/AlgorithmEngineering/wce-students/1-random/r035.dimacs;20;165;1.98;243;0;1;correct;
/home/zia/studies/Algorithm_Engineering/AlgorithmEngineering/wce-students/1-random/r037.dimacs;20;159;2.39;367;0;1;correct;
/home/zia/studies/Algorithm_Engineering/AlgorithmEngineering/wce-students/1-random/r039.dimacs;20;162;1.97;280;0;1;correct;
/home/zia/studies/Algorithm_Engineering/AlgorithmEngineering/wce-students/1-random/r041.dimacs;20;116;1.68;233;0;1;correct;
/home/zia/studies/Algorithm_Engineering/AlgorithmEngineering/wce-students/1-random/r043.dimacs;20;72;1.88;336;0;1;correct;
/home/zia/studies/Algorithm_Engineering/AlgorithmEngineering/wce-students/1-random/r045.dimacs;20;108;1.71;359;0;1;correct;
/home/zia/studies/Algorithm_Engineering/AlgorithmEngineering/wce-students/1-random/r047.dimacs;20;104;1.98;322;0;1;correct;
/home/zia/studies/Algorithm_Engineering/AlgorithmEngineering/wce-students/1-random/r049.dimacs;20;66;2.06;469;0;1;correct;
/home/zia/studies/Algorithm_Engineering/AlgorithmEngineering/wce-students/1-random/r051.dimacs;20;114;2.01;411;0;1;correct;
/home/zia/studies/Algorithm_Engineering/AlgorithmEngineering/wce-students/1-random/r053.dimacs;20;114;1.90;440;0;1;correct;
/home/zia/studies/Algorithm_Engineering/AlgorithmEngineering/wce-students/1-random/r055.dimacs;20;116;1.67;233;0;1;correct;
/home/zia/studies/Algorithm_Engineering/AlgorithmEngineering/wce-students/1-random/r057.dimacs;20;72;1.72;336;0;1;correct;
/home/zia/studies/Algorithm_Engineering/AlgorithmEngineering/wce-students/1-random/r059.dimacs;20;108;1.75;359;0;1;correct;
/home/zia/studies/Algorithm_Engineering/AlgorithmEngineering/wce-students/1-random/r061.dimacs;30;231;10.67;699;0;1;correct;
/home/zia/studies/Algorithm_Engineering/AlgorithmEngineering/wce-students/1-random/r063.dimacs;30;141;9.14;851;0;1;correct;
/home/zia/studies/Algorithm_Engineering/AlgorithmEngineering/wce-students/1-random/r065.dimacs;30;223;14.60;1019;0;1;correct;
/home/zia/studies/Algorithm_Engineering/AlgorithmEngineering/wce-students/1-random/r067.dimacs;30;159;13.68;933;0;1;correct;
/home/zia/studies/Algorithm_Engineering/AlgorithmEngineering/wce-students/1-random/r069.dimacs;30;197;14.62;793;0;1;correct;
/home/zia/studies/Algorithm_Engineering/AlgorithmEngineering/wce-students/1-random/r071.dimacs;30;165;12.20;893;0;1;correct;
/home/zia/studies/Algorithm_Engineering/AlgorithmEngineering/wce-students/1-random/r073.dimacs;30;165;12.56;893;0;1;correct;
/home/zia/studies/Algorithm_Engineering/AlgorithmEngineering/wce-students/1-random/r075.dimacs;30;150;10.58;707;0;1;correct;
/home/zia/studies/Algorithm_Engineering/AlgorithmEngineering/wce-students/1-random/r077.dimacs;30;163;11.82;889;0;1;correct;
/home/zia/studies/Algorithm_Engineering/AlgorithmEngineering/wce-students/1-random/r079.dimacs;30;163;10.86;889;0;1;correct;
/home/zia/studies/Algorithm_Engineering/AlgorithmEngineering/wce-students/1-random/r081.dimacs;40;440;47.07;1398;0;1;correct;
/home/zia/studies/Algorithm_Engineering/AlgorithmEngineering/wce-students/1-random/r083.dimacs;40;302;53.14;1741;0;1;correct;
/home/zia/studies/Algorithm_Engineering/AlgorithmEngineering/wce-students/1-random/r085.dimacs;40;291;55.47;1589;0;1;correct;
/home/zia/studies/Algorithm_Engineering/AlgorithmEngineering/wce-students/1-random/r087.dimacs;40;421;49.30;1631;0;1;correct;
/home/zia/studies/Algorithm_Engineering/AlgorithmEngineering/wce-students/1-random/r089.dimacs;40;346;51.20;1408;0;1;correct;
/home/zia/studies/Algorithm_Engineering/AlgorithmEngineering/wce-students/1-random/r091.dimacs;40;276;49.71;1380;0;1;correct;
/home/zia/studies/Algorithm_Engineering/AlgorithmEngineering/wce-students/1-random/r093.dimacs;40;533;56.18;1644;0;1;correct;
/home/zia/studies/Algorithm_Engineering/AlgorithmEngineering/wce-students/1-random/r095.dimacs;40;377;56.13;1488;0;1;correct;
/home/zia/studies/Algorithm_Engineering/AlgorithmEngineering/wce-students/1-random/r097.dimacs;50;747;133.09;2181;0;1;correct;
/home/zia/studies/Algorithm_Engineering/AlgorithmEngineering/wce-students/1-random/r099.dimacs;50;439;138.50;1945;0;1;correct;
/home/zia/studies/Algorithm_Engineering/AlgorithmEngineering/wce-students/1-random/r101.dimacs;50;439;137.31;1945;0;1;correct;
/home/zia/studies/Algorithm_Engineering/AlgorithmEngineering/wce-students/1-random/r103.dimacs;50;405;186.80;1985;0;1;correct;
/home/zia/studies/Algorithm_Engineering/AlgorithmEngineering/wce-students/1-random/r105.dimacs;50;513;142.74;2114;0;1;correct;
/home/zia/studies/Algorithm_Engineering/AlgorithmEngineering/wce-students/1-random/r107.dimacs;50;513;145.67;2114;0;1;correct;
/home/zia/studies/Algorithm_Engineering/AlgorithmEngineering/wce-students/1-random/r109.dimacs;50;469;197.56;2400;0;1;correct;
/home/zia/studies/Algorithm_Engineering/AlgorithmEngineering/wce-students/1-random/r111.dimacs;50;469;203.66;2400;0;1;correct;
/home/zia/studies/Algorithm_Engineering/AlgorithmEngineering/wce-students/1-random/r113.dimacs;50;606;185.68;2161;0;1;correct;
/home/zia/studies/Algorithm_Engineering/AlgorithmEngineering/wce-students/1-random/r115.dimacs;60;1244;;;;0;
/home/zia/studies/Algorithm_Engineering/AlgorithmEngineering/wce-students/1-random/r117.dimacs;60;516;;;;0;
/home/zia/studies/Algorithm_Engineering/AlgorithmEngineering/wce-students/1-random/r119.dimacs;60;534;;;;0;
/home/zia/studies/Algorithm_Engineering/AlgorithmEngineering/wce-students/1-random/r121.dimacs;60;943;;;;0;
/home/zia/studies/Algorithm_Engineering/AlgorithmEngineering/wce-students/1-random/r123.dimacs;60;854;;;;0;
/home/zia/studies/Algorithm_Engineering/AlgorithmEngineering/wce-students/1-random/r125.dimacs;70;1481;;;;0;
/home/zia/studies/Algorithm_Engineering/AlgorithmEngineering/wce-students/1-random/r127.dimacs;70;1433;;;;0;
/home/zia/studies/Algorithm_Engineering/AlgorithmEngineering/wce-students/1-random/r129.dimacs;70;909;;;;0;
/home/zia/studies/Algorithm_Engineering/AlgorithmEngineering/wce-students/1-random/r131.dimacs;80;2084;;;;0;
/home/zia/studies/Algorithm_Engineering/AlgorithmEngineering/wce-students/1-random/r133.dimacs;80;1629;;;;0;
/home/zia/studies/Algorithm_Engineering/AlgorithmEngineering/wce-students/2-real-world/w001.dimacs;4;3;0.03;0;0;1;correct;
/home/zia/studies/Algorithm_Engineering/AlgorithmEngineering/wce-students/2-real-world/w003.dimacs;6;8;0.04;21;0;1;correct;
/home/zia/studies/Algorithm_Engineering/AlgorithmEngineering/wce-students/2-real-world/w005.dimacs;16;118;0.39;4;0;1;correct;
/home/zia/studies/Algorithm_Engineering/AlgorithmEngineering/wce-students/2-real-world/w007.dimacs;16;107;0.37;7;0;1;correct;
/home/zia/studies/Algorithm_Engineering/AlgorithmEngineering/wce-students/2-real-world/w009.dimacs;13;77;0.13;8;0;1;correct;
/home/zia/studies/Algorithm_Engineering/AlgorithmEngineering/wce-students/2-real-world/w011.dimacs;14;88;0.16;10;0;1;correct;
/home/zia/studies/Algorithm_Engineering/AlgorithmEngineering/wce-students/2-real-world/w013.dimacs;15;48;0.36;14;0;1;correct;
/home/zia/studies/Algorithm_Engineering/AlgorithmEngineering/wce-students/2-real-world/w015.dimacs;10;14;0.07;16;0;1;correct;
/home/zia/studies/Algorithm_Engineering/AlgorithmEngineering/wce-students/2-real-world/w017.dimacs;14;60;0.26;20;0;1;correct;
/home/zia/studies/Algorithm_Engineering/AlgorithmEngineering/wce-students/2-real-world/w019.dimacs;16;112;0.27;22;0;1;correct;
/home/zia/studies/Algorithm_Engineering/AlgorithmEngineering/wce-students/2-real-world/w021.dimacs;11;22;0.14;24;0;1;correct;
/home/zia/studies/Algorithm_Engineering/AlgorithmEngineering/wce-students/2-real-world/w023.dimacs;16;39;0.58;80;0;1;correct;
/home/zia/studies/Algorithm_Engineering/AlgorithmEngineering/wce-students/2-real-world/w025.dimacs;16;95;0.50;84;0;1;correct;
/home/zia/studies/Algorithm_Engineering/AlgorithmEngineering/wce-students/2-real-world/w027.dimacs;16;84;0.30;88;0;1;correct;
/home/zia/studies/Algorithm_Engineering/AlgorithmEngineering/wce-students/2-real-world/w029.dimacs;16;68;0.26;92;0;1;correct;
/home/zia/studies/Algorithm_Engineering/AlgorithmEngineering/wce-students/2-real-world/w031.dimacs;13;75;0.23;102;0;1;correct;
/home/zia/studies/Algorithm_Engineering/AlgorithmEngineering/wce-students/2-real-world/w033.dimacs;16;48;0.38;105;0;1;correct;
/home/zia/studies/Algorithm_Engineering/AlgorithmEngineering/wce-students/2-real-world/w035.dimacs;16;45;0.22;122;0;1;correct;
/home/zia/studies/Algorithm_Engineering/AlgorithmEngineering/wce-students/2-real-world/w037.dimacs;15;45;0.47;140;0;1;correct;
/home/zia/studies/Algorithm_Engineering/AlgorithmEngineering/wce-students/2-real-world/w039.dimacs;18;139;0.73;7;0;1;correct;
/home/zia/studies/Algorithm_Engineering/AlgorithmEngineering/wce-students/2-real-world/w041.dimacs;17;40;0.30;16;0;1;correct;
/home/zia/studies/Algorithm_Engineering/AlgorithmEngineering/wce-students/2-real-world/w043.dimacs;16;92;0.13;21;0;1;correct;
/home/zia/studies/Algorithm_Engineering/AlgorithmEngineering/wce-students/2-real-world/w045.dimacs;15;86;0.20;27;0;1;correct;
/home/zia/studies/Algorithm_Engineering/AlgorithmEngineering/wce-students/2-real-world/w047.dimacs;15;81;0.35;38;0;1;correct;
/home/zia/studies/Algorithm_Engineering/AlgorithmEngineering/wce-students/2-real-world/w049.dimacs;18;143;0.41;46;0;1;correct;
/home/zia/studies/Algorithm_Engineering/AlgorithmEngineering/wce-students/2-real-world/w051.dimacs;17;115;0.62;53;0;1;correct;
/home/zia/studies/Algorithm_Engineering/AlgorithmEngineering/wce-students/2-real-world/w053.dimacs;15;82;0.37;56;0;1;correct;
/home/zia/studies/Algorithm_Engineering/AlgorithmEngineering/wce-students/2-real-world/w055.dimacs;43;268;31.00;1064;0;1;correct;
/home/zia/studies/Algorithm_Engineering/AlgorithmEngineering/wce-students/2-real-world/w057.dimacs;44;893;37.60;216;0;1;correct;
/home/zia/studies/Algorithm_Engineering/AlgorithmEngineering/wce-students/2-real-world/w059.dimacs;44;784;112.96;1196;0;1;correct;
/home/zia/studies/Algorithm_Engineering/AlgorithmEngineering/wce-students/2-real-world/w061.dimacs;44;634;185.58;1463;0;1;correct;
/home/zia/studies/Algorithm_Engineering/AlgorithmEngineering/wce-students/2-real-world/w063.dimacs;44;759;34.36;280;0;1;correct;
/home/zia/studies/Algorithm_Engineering/AlgorithmEngineering/wce-students/2-real-world/w065.dimacs;44;304;21.12;345;0;1;correct;
/home/zia/studies/Algorithm_Engineering/AlgorithmEngineering/wce-students/2-real-world/w067.dimacs;44;554;54.38;787;0;1;correct;
/home/zia/studies/Algorithm_Engineering/AlgorithmEngineering/wce-students/2-real-world/w069.dimacs;44;910;31.94;153;0;1;correct;
/home/zia/studies/Algorithm_Engineering/AlgorithmEngineering/wce-students/2-real-world/w071.dimacs;45;313;36.45;226;0;1;correct;
/home/zia/studies/Algorithm_Engineering/AlgorithmEngineering/wce-students/2-real-world/w073.dimacs;45;926;25.71;158;0;1;correct;
/home/zia/studies/Algorithm_Engineering/AlgorithmEngineering/wce-students/2-real-world/w075.dimacs;45;438;59.12;774;0;1;correct;
/home/zia/studies/Algorithm_Engineering/AlgorithmEngineering/wce-students/2-real-world/w077.dimacs;45;635;105.46;1321;0;1;correct;
/home/zia/studies/Algorithm_Engineering/AlgorithmEngineering/wce-students/2-real-world/w079.dimacs;42;470;117.52;1461;0;1;correct;
/home/zia/studies/Algorithm_Engineering/AlgorithmEngineering/wce-students/2-real-world/w081.dimacs;45;833;54.77;840;0;1;correct;
/home/zia/studies/Algorithm_Engineering/AlgorithmEngineering/wce-students/2-real-world/w083.dimacs;45;811;52.88;774;0;1;correct;
/home/zia/studies/Algorithm_Engineering/AlgorithmEngineering/wce-students/2-real-world/w085.dimacs;45;782;113.84;1031;0;1;correct;
/home/zia/studies/Algorithm_Engineering/AlgorithmEngineering/wce-students/2-real-world/w087.dimacs;46;927;45.37;343;0;1;correct;
/home/zia/studies/Algorithm_Engineering/AlgorithmEngineering/wce-students/2-real-world/w089.dimacs;49;515;;;;0;
/home/zia/studies/Algorithm_Engineering/AlgorithmEngineering/wce-students/2-real-world/w091.dimacs;64;902;;;;0;
/home/zia/studies/Algorithm_Engineering/AlgorithmEngineering/wce-students/2-real-world/w093.dimacs;62;1785;159.60;645;0;1;correct;
/home/zia/studies/Algorithm_Engineering/AlgorithmEngineering/wce-students/2-real-world/w095.dimacs;64;1632;;;;0;
/home/zia/studies/Algorithm_Engineering/AlgorithmEngineering/wce-students/2-real-world/w097.dimacs;60;805;;;;0;
/home/zia/studies/Algorithm_Engineering/AlgorithmEngineering/wce-students/2-real-world/w099.dimacs;65;2023;219.90;428;0;1;correct;
/home/zia/studies/Algorithm_Engineering/AlgorithmEngineering/wce-students/2-real-world/w101.dimacs;65;1254;;;;0;
/home/zia/studies/Algorithm_Engineering/AlgorithmEngineering/wce-students/2-real-world/w103.dimacs;62;1166;;;;0;
/home/zia/studies/Algorithm_Engineering/AlgorithmEngineering/wce-students/2-real-world/w105.dimacs;65;1441;;;;0;
/home/zia/studies/Algorithm_Engineering/AlgorithmEngineering/wce-students/2-real-world/w107.dimacs;57;917;;;;0;
/home/zia/studies/Algorithm_Engineering/AlgorithmEngineering/wce-students/2-real-world/w109.dimacs;77;618;;;;0;
/home/zia/studies/Algorithm_Engineering/AlgorithmEngineering/wce-students/2-real-world/w111.dimacs;78;1837;;;;0;
