file;vertices;edges;time;solsize;recsteps;finished;verified
/home/zia/studies/Algorithm_Engineering/AlgorithmEngineering/wce-students/3-actionseq/a001.dimacs;10;8;0.01;41;1;1;correct;
/home/zia/studies/Algorithm_Engineering/AlgorithmEngineering/wce-students/3-actionseq/a003.dimacs;10;7;0.00;142;3;1;correct;
/home/zia/studies/Algorithm_Engineering/AlgorithmEngineering/wce-students/3-actionseq/a005.dimacs;10;14;0.01;229;8;1;correct;
/home/zia/studies/Algorithm_Engineering/AlgorithmEngineering/wce-students/3-actionseq/a007.dimacs;10;3;0.00;0;1;1;correct;
/home/zia/studies/Algorithm_Engineering/AlgorithmEngineering/wce-students/3-actionseq/a009.dimacs;10;3;0.00;28;1;1;correct;
/home/zia/studies/Algorithm_Engineering/AlgorithmEngineering/wce-students/3-actionseq/a011.dimacs;20;8;0.00;24;1;1;correct;
/home/zia/studies/Algorithm_Engineering/AlgorithmEngineering/wce-students/3-actionseq/a013.dimacs;20;20;0.02;204;2;1;correct;
/home/zia/studies/Algorithm_Engineering/AlgorithmEngineering/wce-students/3-actionseq/a015.dimacs;20;15;0.01;259;1;1;correct;
/home/zia/studies/Algorithm_Engineering/AlgorithmEngineering/wce-students/3-actionseq/a017.dimacs;20;23;0.05;328;5;1;correct;
/home/zia/studies/Algorithm_Engineering/AlgorithmEngineering/wce-students/3-actionseq/a019.dimacs;20;10;0.01;252;5;1;correct;
/home/zia/studies/Algorithm_Engineering/AlgorithmEngineering/wce-students/3-actionseq/a021.dimacs;50;68;5.09;1366;208;1;correct;
/home/zia/studies/Algorithm_Engineering/AlgorithmEngineering/wce-students/3-actionseq/a023.dimacs;50;97;;;;0;
/home/zia/studies/Algorithm_Engineering/AlgorithmEngineering/wce-students/3-actionseq/a025.dimacs;50;170;;;;0;
/home/zia/studies/Algorithm_Engineering/AlgorithmEngineering/wce-students/3-actionseq/a027.dimacs;75;200;;;;0;
/home/zia/studies/Algorithm_Engineering/AlgorithmEngineering/wce-students/3-actionseq/a029.dimacs;75;262;;;;0;
/home/zia/studies/Algorithm_Engineering/AlgorithmEngineering/wce-students/3-actionseq/a031.dimacs;100;390;;;;0;
/home/zia/studies/Algorithm_Engineering/AlgorithmEngineering/wce-students/3-actionseq/a033.dimacs;100;371;;;;0;
/home/zia/studies/Algorithm_Engineering/AlgorithmEngineering/wce-students/3-actionseq/a035.dimacs;100;335;;;;0;
/home/zia/studies/Algorithm_Engineering/AlgorithmEngineering/wce-students/3-actionseq/a037.dimacs;100;375;;;;0;
/home/zia/studies/Algorithm_Engineering/AlgorithmEngineering/wce-students/3-actionseq/a039.dimacs;100;372;;;;0;
/home/zia/studies/Algorithm_Engineering/AlgorithmEngineering/wce-students/3-actionseq/a041.dimacs;100;418;;;;0;
/home/zia/studies/Algorithm_Engineering/AlgorithmEngineering/wce-students/1-random/r001.dimacs;10;22;0.01;93;6;1;correct;
/home/zia/studies/Algorithm_Engineering/AlgorithmEngineering/wce-students/1-random/r003.dimacs;10;13;0.00;66;3;1;correct;
/home/zia/studies/Algorithm_Engineering/AlgorithmEngineering/wce-students/1-random/r005.dimacs;10;22;0.00;62;1;1;correct;
/home/zia/studies/Algorithm_Engineering/AlgorithmEngineering/wce-students/1-random/r007.dimacs;10;17;0.01;98;3;1;correct;
/home/zia/studies/Algorithm_Engineering/AlgorithmEngineering/wce-students/1-random/r009.dimacs;10;22;0.01;93;6;1;correct;
/home/zia/studies/Algorithm_Engineering/AlgorithmEngineering/wce-students/1-random/r011.dimacs;10;13;0.00;66;3;1;correct;
/home/zia/studies/Algorithm_Engineering/AlgorithmEngineering/wce-students/1-random/r013.dimacs;10;22;0.01;62;1;1;correct;
/home/zia/studies/Algorithm_Engineering/AlgorithmEngineering/wce-students/1-random/r015.dimacs;10;17;0.01;98;3;1;correct;
/home/zia/studies/Algorithm_Engineering/AlgorithmEngineering/wce-students/1-random/r017.dimacs;10;22;0.01;93;6;1;correct;
/home/zia/studies/Algorithm_Engineering/AlgorithmEngineering/wce-students/1-random/r019.dimacs;10;13;0.01;66;3;1;correct;
/home/zia/studies/Algorithm_Engineering/AlgorithmEngineering/wce-students/1-random/r021.dimacs;10;22;0.01;62;1;1;correct;
/home/zia/studies/Algorithm_Engineering/AlgorithmEngineering/wce-students/1-random/r023.dimacs;10;17;0.01;98;3;1;correct;
/home/zia/studies/Algorithm_Engineering/AlgorithmEngineering/wce-students/1-random/r025.dimacs;10;20;0.01;85;3;1;correct;
/home/zia/studies/Algorithm_Engineering/AlgorithmEngineering/wce-students/1-random/r027.dimacs;10;20;0.01;85;3;1;correct;
/home/zia/studies/Algorithm_Engineering/AlgorithmEngineering/wce-students/1-random/r029.dimacs;10;20;0.01;85;3;1;correct;
/home/zia/studies/Algorithm_Engineering/AlgorithmEngineering/wce-students/1-random/r031.dimacs;20;159;0.12;367;7;1;correct;
/home/zia/studies/Algorithm_Engineering/AlgorithmEngineering/wce-students/1-random/r033.dimacs;20;162;0.13;280;7;1;correct;
/home/zia/studies/Algorithm_Engineering/AlgorithmEngineering/wce-students/1-random/r035.dimacs;20;165;0.06;243;7;1;correct;
/home/zia/studies/Algorithm_Engineering/AlgorithmEngineering/wce-students/1-random/r037.dimacs;20;159;0.13;367;7;1;correct;
/home/zia/studies/Algorithm_Engineering/AlgorithmEngineering/wce-students/1-random/r039.dimacs;20;162;0.13;280;7;1;correct;
/home/zia/studies/Algorithm_Engineering/AlgorithmEngineering/wce-students/1-random/r041.dimacs;20;116;0.07;233;6;1;correct;
/home/zia/studies/Algorithm_Engineering/AlgorithmEngineering/wce-students/1-random/r043.dimacs;20;72;0.13;336;13;1;correct;
/home/zia/studies/Algorithm_Engineering/AlgorithmEngineering/wce-students/1-random/r045.dimacs;20;108;0.10;359;7;1;correct;
/home/zia/studies/Algorithm_Engineering/AlgorithmEngineering/wce-students/1-random/r047.dimacs;20;104;0.15;322;9;1;correct;
/home/zia/studies/Algorithm_Engineering/AlgorithmEngineering/wce-students/1-random/r049.dimacs;20;66;0.40;469;80;1;correct;
/home/zia/studies/Algorithm_Engineering/AlgorithmEngineering/wce-students/1-random/r051.dimacs;20;114;0.17;411;18;1;correct;
/home/zia/studies/Algorithm_Engineering/AlgorithmEngineering/wce-students/1-random/r053.dimacs;20;114;0.09;440;13;1;correct;
/home/zia/studies/Algorithm_Engineering/AlgorithmEngineering/wce-students/1-random/r055.dimacs;20;116;0.07;233;6;1;correct;
/home/zia/studies/Algorithm_Engineering/AlgorithmEngineering/wce-students/1-random/r057.dimacs;20;72;0.13;336;13;1;correct;
/home/zia/studies/Algorithm_Engineering/AlgorithmEngineering/wce-students/1-random/r059.dimacs;20;108;0.10;359;7;1;correct;
/home/zia/studies/Algorithm_Engineering/AlgorithmEngineering/wce-students/1-random/r061.dimacs;30;231;0.75;699;20;1;correct;
/home/zia/studies/Algorithm_Engineering/AlgorithmEngineering/wce-students/1-random/r063.dimacs;30;141;1.35;851;80;1;correct;
/home/zia/studies/Algorithm_Engineering/AlgorithmEngineering/wce-students/1-random/r065.dimacs;30;223;0.69;1019;38;1;correct;
/home/zia/studies/Algorithm_Engineering/AlgorithmEngineering/wce-students/1-random/r067.dimacs;30;159;0.77;933;48;1;correct;
/home/zia/studies/Algorithm_Engineering/AlgorithmEngineering/wce-students/1-random/r069.dimacs;30;197;0.87;793;31;1;correct;
/home/zia/studies/Algorithm_Engineering/AlgorithmEngineering/wce-students/1-random/r071.dimacs;30;165;0.89;893;39;1;correct;
/home/zia/studies/Algorithm_Engineering/AlgorithmEngineering/wce-students/1-random/r073.dimacs;30;165;0.93;893;39;1;correct;
/home/zia/studies/Algorithm_Engineering/AlgorithmEngineering/wce-students/1-random/r075.dimacs;30;150;1.22;707;42;1;correct;
/home/zia/studies/Algorithm_Engineering/AlgorithmEngineering/wce-students/1-random/r077.dimacs;30;163;1.04;889;67;1;correct;
/home/zia/studies/Algorithm_Engineering/AlgorithmEngineering/wce-students/1-random/r079.dimacs;30;163;1.03;889;67;1;correct;
/home/zia/studies/Algorithm_Engineering/AlgorithmEngineering/wce-students/1-random/r081.dimacs;40;440;7.53;1398;46;1;correct;
/home/zia/studies/Algorithm_Engineering/AlgorithmEngineering/wce-students/1-random/r083.dimacs;40;302;4.17;1741;67;1;correct;
/home/zia/studies/Algorithm_Engineering/AlgorithmEngineering/wce-students/1-random/r085.dimacs;40;291;10.76;1589;115;1;correct;
/home/zia/studies/Algorithm_Engineering/AlgorithmEngineering/wce-students/1-random/r087.dimacs;40;421;5.16;1631;59;1;correct;
/home/zia/studies/Algorithm_Engineering/AlgorithmEngineering/wce-students/1-random/r089.dimacs;40;346;10.08;1408;72;1;correct;
/home/zia/studies/Algorithm_Engineering/AlgorithmEngineering/wce-students/1-random/r091.dimacs;40;276;3.25;1380;48;1;correct;
/home/zia/studies/Algorithm_Engineering/AlgorithmEngineering/wce-students/1-random/r093.dimacs;40;533;8.08;1644;62;1;correct;
/home/zia/studies/Algorithm_Engineering/AlgorithmEngineering/wce-students/1-random/r095.dimacs;40;377;3.15;1488;48;1;correct;
/home/zia/studies/Algorithm_Engineering/AlgorithmEngineering/wce-students/1-random/r097.dimacs;50;747;;;;0;
/home/zia/studies/Algorithm_Engineering/AlgorithmEngineering/wce-students/1-random/r099.dimacs;50;439;4.10;1945;83;1;correct;
/home/zia/studies/Algorithm_Engineering/AlgorithmEngineering/wce-students/1-random/r101.dimacs;50;439;3.99;1945;83;1;correct;
/home/zia/studies/Algorithm_Engineering/AlgorithmEngineering/wce-students/1-random/r103.dimacs;50;405;7.63;1985;206;1;correct;
/home/zia/studies/Algorithm_Engineering/AlgorithmEngineering/wce-students/1-random/r105.dimacs;50;513;;;;0;
/home/zia/studies/Algorithm_Engineering/AlgorithmEngineering/wce-students/1-random/r107.dimacs;50;513;;;;0;
/home/zia/studies/Algorithm_Engineering/AlgorithmEngineering/wce-students/1-random/r109.dimacs;50;469;;;;0;
/home/zia/studies/Algorithm_Engineering/AlgorithmEngineering/wce-students/1-random/r111.dimacs;50;469;;;;0;
/home/zia/studies/Algorithm_Engineering/AlgorithmEngineering/wce-students/1-random/r113.dimacs;50;606;;;;0;
/home/zia/studies/Algorithm_Engineering/AlgorithmEngineering/wce-students/1-random/r115.dimacs;60;1244;81.55;3485;151;1;correct;
/home/zia/studies/Algorithm_Engineering/AlgorithmEngineering/wce-students/1-random/r117.dimacs;60;516;;;;0;
/home/zia/studies/Algorithm_Engineering/AlgorithmEngineering/wce-students/1-random/r119.dimacs;60;534;;;;0;
/home/zia/studies/Algorithm_Engineering/AlgorithmEngineering/wce-students/1-random/r121.dimacs;60;943;109.91;2993;63;1;correct;
/home/zia/studies/Algorithm_Engineering/AlgorithmEngineering/wce-students/1-random/r123.dimacs;60;854;118.70;3608;303;1;correct;
/home/zia/studies/Algorithm_Engineering/AlgorithmEngineering/wce-students/1-random/r125.dimacs;70;1481;;;;0;
/home/zia/studies/Algorithm_Engineering/AlgorithmEngineering/wce-students/1-random/r127.dimacs;70;1433;;;;0;
/home/zia/studies/Algorithm_Engineering/AlgorithmEngineering/wce-students/2-real-world/w001.dimacs;4;3;0.01;0;1;1;correct;
/home/zia/studies/Algorithm_Engineering/AlgorithmEngineering/wce-students/2-real-world/w003.dimacs;6;8;0.00;21;1;1;correct;
/home/zia/studies/Algorithm_Engineering/AlgorithmEngineering/wce-students/2-real-world/w005.dimacs;16;118;0.01;4;1;1;correct;
/home/zia/studies/Algorithm_Engineering/AlgorithmEngineering/wce-students/2-real-world/w007.dimacs;16;107;0.01;7;1;1;correct;
/home/zia/studies/Algorithm_Engineering/AlgorithmEngineering/wce-students/2-real-world/w009.dimacs;13;77;0.00;8;1;1;correct;
/home/zia/studies/Algorithm_Engineering/AlgorithmEngineering/wce-students/2-real-world/w011.dimacs;14;88;0.01;10;1;1;correct;
/home/zia/studies/Algorithm_Engineering/AlgorithmEngineering/wce-students/2-real-world/w013.dimacs;15;48;0.05;14;1;1;correct;
/home/zia/studies/Algorithm_Engineering/AlgorithmEngineering/wce-students/2-real-world/w015.dimacs;10;14;0.00;16;1;1;correct;
/home/zia/studies/Algorithm_Engineering/AlgorithmEngineering/wce-students/2-real-world/w017.dimacs;14;60;0.01;20;1;1;correct;
/home/zia/studies/Algorithm_Engineering/AlgorithmEngineering/wce-students/2-real-world/w019.dimacs;16;112;0.01;22;1;1;correct;
/home/zia/studies/Algorithm_Engineering/AlgorithmEngineering/wce-students/2-real-world/w021.dimacs;11;22;0.01;24;2;1;correct;
/home/zia/studies/Algorithm_Engineering/AlgorithmEngineering/wce-students/2-real-world/w023.dimacs;16;39;0.03;80;3;1;correct;
/home/zia/studies/Algorithm_Engineering/AlgorithmEngineering/wce-students/2-real-world/w025.dimacs;16;95;0.03;84;1;1;correct;
/home/zia/studies/Algorithm_Engineering/AlgorithmEngineering/wce-students/2-real-world/w027.dimacs;16;84;0.04;88;1;1;correct;
/home/zia/studies/Algorithm_Engineering/AlgorithmEngineering/wce-students/2-real-world/w029.dimacs;16;68;0.03;92;4;1;correct;
/home/zia/studies/Algorithm_Engineering/AlgorithmEngineering/wce-students/2-real-world/w031.dimacs;13;75;0.07;102;8;1;correct;
/home/zia/studies/Algorithm_Engineering/AlgorithmEngineering/wce-students/2-real-world/w033.dimacs;16;48;0.03;105;1;1;correct;
/home/zia/studies/Algorithm_Engineering/AlgorithmEngineering/wce-students/2-real-world/w035.dimacs;16;45;0.06;122;4;1;correct;
/home/zia/studies/Algorithm_Engineering/AlgorithmEngineering/wce-students/2-real-world/w037.dimacs;15;45;0.16;140;14;1;correct;
/home/zia/studies/Algorithm_Engineering/AlgorithmEngineering/wce-students/2-real-world/w039.dimacs;18;139;0.02;7;1;1;correct;
/home/zia/studies/Algorithm_Engineering/AlgorithmEngineering/wce-students/2-real-world/w041.dimacs;17;40;0.02;16;1;1;correct;
/home/zia/studies/Algorithm_Engineering/AlgorithmEngineering/wce-students/2-real-world/w043.dimacs;16;92;0.02;21;1;1;correct;
/home/zia/studies/Algorithm_Engineering/AlgorithmEngineering/wce-students/2-real-world/w045.dimacs;15;86;0.02;27;1;1;correct;
/home/zia/studies/Algorithm_Engineering/AlgorithmEngineering/wce-students/2-real-world/w047.dimacs;15;81;0.02;38;1;1;correct;
/home/zia/studies/Algorithm_Engineering/AlgorithmEngineering/wce-students/2-real-world/w049.dimacs;18;143;0.03;46;1;1;correct;
/home/zia/studies/Algorithm_Engineering/AlgorithmEngineering/wce-students/2-real-world/w051.dimacs;17;115;0.02;53;1;1;correct;
/home/zia/studies/Algorithm_Engineering/AlgorithmEngineering/wce-students/2-real-world/w053.dimacs;15;82;0.03;56;1;1;correct;
/home/zia/studies/Algorithm_Engineering/AlgorithmEngineering/wce-students/2-real-world/w055.dimacs;43;268;34.80;1064;239;1;correct;
/home/zia/studies/Algorithm_Engineering/AlgorithmEngineering/wce-students/2-real-world/w057.dimacs;44;893;2.89;216;14;1;correct;
/home/zia/studies/Algorithm_Engineering/AlgorithmEngineering/wce-students/2-real-world/w059.dimacs;44;784;90.92;1196;290;1;correct;
/home/zia/studies/Algorithm_Engineering/AlgorithmEngineering/wce-students/2-real-world/w061.dimacs;44;634;78.54;1463;587;1;correct;
/home/zia/studies/Algorithm_Engineering/AlgorithmEngineering/wce-students/2-real-world/w063.dimacs;44;759;0.55;280;1;1;correct;
/home/zia/studies/Algorithm_Engineering/AlgorithmEngineering/wce-students/2-real-world/w065.dimacs;44;304;1.02;345;9;1;correct;
/home/zia/studies/Algorithm_Engineering/AlgorithmEngineering/wce-students/2-real-world/w067.dimacs;44;554;12.54;787;124;1;correct;
/home/zia/studies/Algorithm_Engineering/AlgorithmEngineering/wce-students/2-real-world/w069.dimacs;44;910;0.32;153;1;1;correct;
/home/zia/studies/Algorithm_Engineering/AlgorithmEngineering/wce-students/2-real-world/w071.dimacs;45;313;0.52;226;10;1;correct;
/home/zia/studies/Algorithm_Engineering/AlgorithmEngineering/wce-students/2-real-world/w073.dimacs;45;926;1.75;158;4;1;correct;
/home/zia/studies/Algorithm_Engineering/AlgorithmEngineering/wce-students/2-real-world/w075.dimacs;45;438;9.73;774;55;1;correct;
/home/zia/studies/Algorithm_Engineering/AlgorithmEngineering/wce-students/2-real-world/w077.dimacs;45;635;34.01;1321;128;1;correct;
/home/zia/studies/Algorithm_Engineering/AlgorithmEngineering/wce-students/2-real-world/w079.dimacs;42;470;;;;0;
/home/zia/studies/Algorithm_Engineering/AlgorithmEngineering/wce-students/2-real-world/w081.dimacs;45;833;6.46;840;21;1;correct;
/home/zia/studies/Algorithm_Engineering/AlgorithmEngineering/wce-students/2-real-world/w083.dimacs;45;811;30.58;774;236;1;correct;
/home/zia/studies/Algorithm_Engineering/AlgorithmEngineering/wce-students/2-real-world/w085.dimacs;45;782;289.92;1031;545;1;correct;
/home/zia/studies/Algorithm_Engineering/AlgorithmEngineering/wce-students/2-real-world/w087.dimacs;46;927;0.72;343;4;1;correct;
/home/zia/studies/Algorithm_Engineering/AlgorithmEngineering/wce-students/2-real-world/w089.dimacs;49;515;;;;0;
/home/zia/studies/Algorithm_Engineering/AlgorithmEngineering/wce-students/2-real-world/w091.dimacs;64;902;40.21;1760;34;1;correct;
/home/zia/studies/Algorithm_Engineering/AlgorithmEngineering/wce-students/2-real-world/w093.dimacs;62;1785;39.47;645;33;1;correct;
/home/zia/studies/Algorithm_Engineering/AlgorithmEngineering/wce-students/2-real-world/w095.dimacs;64;1632;;;;0;
/home/zia/studies/Algorithm_Engineering/AlgorithmEngineering/wce-students/2-real-world/w097.dimacs;60;805;;;;0;
/home/zia/studies/Algorithm_Engineering/AlgorithmEngineering/wce-students/2-real-world/w099.dimacs;65;2023;9.48;428;7;1;correct;
/home/zia/studies/Algorithm_Engineering/AlgorithmEngineering/wce-students/2-real-world/w101.dimacs;65;1254;;;;0;
/home/zia/studies/Algorithm_Engineering/AlgorithmEngineering/wce-students/2-real-world/w103.dimacs;62;1166;;;;0;
/home/zia/studies/Algorithm_Engineering/AlgorithmEngineering/wce-students/2-real-world/w105.dimacs;65;1441;;;;0;
/home/zia/studies/Algorithm_Engineering/AlgorithmEngineering/wce-students/2-real-world/w107.dimacs;57;917;;;;0;
/home/zia/studies/Algorithm_Engineering/AlgorithmEngineering/wce-students/2-real-world/w109.dimacs;77;618;78.99;1470;303;1;correct;
/home/zia/studies/Algorithm_Engineering/AlgorithmEngineering/wce-students/2-real-world/w111.dimacs;78;1837;;;;0;
/home/zia/studies/Algorithm_Engineering/AlgorithmEngineering/wce-students/2-real-world/w113.dimacs;79;861;;;;0;
