file;vertices;edges;time;solsize;recsteps;finished;verified
/home/zia/studies/Algorithm_Engineering/AlgorithmEngineering/wce-students/3-actionseq/a001.dimacs;10;8;0.04;41;0;1;correct;
/home/zia/studies/Algorithm_Engineering/AlgorithmEngineering/wce-students/3-actionseq/a003.dimacs;10;7;0.05;142;0;1;correct;
/home/zia/studies/Algorithm_Engineering/AlgorithmEngineering/wce-students/3-actionseq/a005.dimacs;10;14;0.02;229;0;1;correct;
/home/zia/studies/Algorithm_Engineering/AlgorithmEngineering/wce-students/3-actionseq/a007.dimacs;10;3;0.00;0;0;1;correct;
/home/zia/studies/Algorithm_Engineering/AlgorithmEngineering/wce-students/3-actionseq/a009.dimacs;10;3;0.03;28;0;1;correct;
/home/zia/studies/Algorithm_Engineering/AlgorithmEngineering/wce-students/3-actionseq/a011.dimacs;20;8;0.06;24;0;1;correct;
/home/zia/studies/Algorithm_Engineering/AlgorithmEngineering/wce-students/3-actionseq/a013.dimacs;20;20;0.06;204;0;1;correct;
/home/zia/studies/Algorithm_Engineering/AlgorithmEngineering/wce-students/3-actionseq/a015.dimacs;20;15;0.08;259;0;1;correct;
/home/zia/studies/Algorithm_Engineering/AlgorithmEngineering/wce-students/3-actionseq/a017.dimacs;20;23;0.07;328;0;1;correct;
/home/zia/studies/Algorithm_Engineering/AlgorithmEngineering/wce-students/3-actionseq/a019.dimacs;20;10;0.08;252;0;1;correct;
/home/zia/studies/Algorithm_Engineering/AlgorithmEngineering/wce-students/3-actionseq/a021.dimacs;50;68;1.50;1366;0;1;correct;
/home/zia/studies/Algorithm_Engineering/AlgorithmEngineering/wce-students/3-actionseq/a023.dimacs;50;97;2.00;2523;0;1;correct;
/home/zia/studies/Algorithm_Engineering/AlgorithmEngineering/wce-students/3-actionseq/a025.dimacs;50;170;6.34;4824;0;1;correct;
/home/zia/studies/Algorithm_Engineering/AlgorithmEngineering/wce-students/3-actionseq/a027.dimacs;75;200;9.76;4539;0;1;correct;
/home/zia/studies/Algorithm_Engineering/AlgorithmEngineering/wce-students/3-actionseq/a029.dimacs;75;262;34.88;7292;0;1;correct;
/home/zia/studies/Algorithm_Engineering/AlgorithmEngineering/wce-students/3-actionseq/a031.dimacs;100;390;65.34;10344;0;1;correct;
/home/zia/studies/Algorithm_Engineering/AlgorithmEngineering/wce-students/3-actionseq/a033.dimacs;100;371;67.95;9937;0;1;correct;
/home/zia/studies/Algorithm_Engineering/AlgorithmEngineering/wce-students/3-actionseq/a035.dimacs;100;335;52.87;8921;0;1;correct;
/home/zia/studies/Algorithm_Engineering/AlgorithmEngineering/wce-students/3-actionseq/a037.dimacs;100;375;111.29;10313;0;1;correct;
/home/zia/studies/Algorithm_Engineering/AlgorithmEngineering/wce-students/3-actionseq/a039.dimacs;100;372;;;;0;
/home/zia/studies/Algorithm_Engineering/AlgorithmEngineering/wce-students/3-actionseq/a041.dimacs;100;418;;;;0;
/home/zia/studies/Algorithm_Engineering/AlgorithmEngineering/wce-students/3-actionseq/a043.dimacs;150;857;;;;0;
/home/zia/studies/Algorithm_Engineering/AlgorithmEngineering/wce-students/3-actionseq/a045.dimacs;150;1469;;;;0;
/home/zia/studies/Algorithm_Engineering/AlgorithmEngineering/wce-students/3-actionseq/a047.dimacs;150;848;;;;0;
/home/zia/studies/Algorithm_Engineering/AlgorithmEngineering/wce-students/3-actionseq/a049.dimacs;150;1395;;;;0;
/home/zia/studies/Algorithm_Engineering/AlgorithmEngineering/wce-students/3-actionseq/a051.dimacs;150;758;;;;0;
/home/zia/studies/Algorithm_Engineering/AlgorithmEngineering/wce-students/3-actionseq/a053.dimacs;150;925;;;;0;
/home/zia/studies/Algorithm_Engineering/AlgorithmEngineering/wce-students/3-actionseq/a055.dimacs;200;1657;;;;0;
/home/zia/studies/Algorithm_Engineering/AlgorithmEngineering/wce-students/3-actionseq/a057.dimacs;200;1668;;;;0;
/home/zia/studies/Algorithm_Engineering/AlgorithmEngineering/wce-students/1-random/r001.dimacs;10;22;0.14;93;0;1;correct;
/home/zia/studies/Algorithm_Engineering/AlgorithmEngineering/wce-students/1-random/r003.dimacs;10;13;0.05;66;0;1;correct;
/home/zia/studies/Algorithm_Engineering/AlgorithmEngineering/wce-students/1-random/r005.dimacs;10;22;0.06;62;0;1;correct;
/home/zia/studies/Algorithm_Engineering/AlgorithmEngineering/wce-students/1-random/r007.dimacs;10;17;0.05;98;0;1;correct;
/home/zia/studies/Algorithm_Engineering/AlgorithmEngineering/wce-students/1-random/r009.dimacs;10;22;0.03;93;0;1;correct;
/home/zia/studies/Algorithm_Engineering/AlgorithmEngineering/wce-students/1-random/r011.dimacs;10;13;0.03;66;0;1;correct;
/home/zia/studies/Algorithm_Engineering/AlgorithmEngineering/wce-students/1-random/r013.dimacs;10;22;0.04;62;0;1;correct;
/home/zia/studies/Algorithm_Engineering/AlgorithmEngineering/wce-students/1-random/r015.dimacs;10;17;0.04;98;0;1;correct;
/home/zia/studies/Algorithm_Engineering/AlgorithmEngineering/wce-students/1-random/r017.dimacs;10;22;0.03;93;0;1;correct;
/home/zia/studies/Algorithm_Engineering/AlgorithmEngineering/wce-students/1-random/r019.dimacs;10;13;0.09;66;0;1;correct;
/home/zia/studies/Algorithm_Engineering/AlgorithmEngineering/wce-students/1-random/r021.dimacs;10;22;0.03;62;0;1;correct;
/home/zia/studies/Algorithm_Engineering/AlgorithmEngineering/wce-students/1-random/r023.dimacs;10;17;0.02;98;0;1;correct;
/home/zia/studies/Algorithm_Engineering/AlgorithmEngineering/wce-students/1-random/r025.dimacs;10;20;0.02;85;0;1;correct;
/home/zia/studies/Algorithm_Engineering/AlgorithmEngineering/wce-students/1-random/r027.dimacs;10;20;0.04;85;0;1;correct;
/home/zia/studies/Algorithm_Engineering/AlgorithmEngineering/wce-students/1-random/r029.dimacs;10;20;0.03;85;0;1;correct;
/home/zia/studies/Algorithm_Engineering/AlgorithmEngineering/wce-students/1-random/r031.dimacs;20;159;0.20;367;0;1;correct;
/home/zia/studies/Algorithm_Engineering/AlgorithmEngineering/wce-students/1-random/r033.dimacs;20;162;0.25;280;0;1;correct;
/home/zia/studies/Algorithm_Engineering/AlgorithmEngineering/wce-students/1-random/r035.dimacs;20;165;0.18;243;0;1;correct;
/home/zia/studies/Algorithm_Engineering/AlgorithmEngineering/wce-students/1-random/r037.dimacs;20;159;0.18;367;0;1;correct;
/home/zia/studies/Algorithm_Engineering/AlgorithmEngineering/wce-students/1-random/r039.dimacs;20;162;0.29;280;0;1;correct;
/home/zia/studies/Algorithm_Engineering/AlgorithmEngineering/wce-students/1-random/r041.dimacs;20;116;0.19;233;0;1;correct;
/home/zia/studies/Algorithm_Engineering/AlgorithmEngineering/wce-students/1-random/r043.dimacs;20;72;0.16;336;0;1;correct;
/home/zia/studies/Algorithm_Engineering/AlgorithmEngineering/wce-students/1-random/r045.dimacs;20;108;0.18;359;0;1;correct;
/home/zia/studies/Algorithm_Engineering/AlgorithmEngineering/wce-students/1-random/r047.dimacs;20;104;0.22;322;0;1;correct;
/home/zia/studies/Algorithm_Engineering/AlgorithmEngineering/wce-students/1-random/r049.dimacs;20;66;0.17;469;0;1;correct;
/home/zia/studies/Algorithm_Engineering/AlgorithmEngineering/wce-students/1-random/r051.dimacs;20;114;0.18;411;0;1;correct;
/home/zia/studies/Algorithm_Engineering/AlgorithmEngineering/wce-students/1-random/r053.dimacs;20;114;0.20;440;0;1;correct;
/home/zia/studies/Algorithm_Engineering/AlgorithmEngineering/wce-students/1-random/r055.dimacs;20;116;0.19;233;0;1;correct;
/home/zia/studies/Algorithm_Engineering/AlgorithmEngineering/wce-students/1-random/r057.dimacs;20;72;0.18;336;0;1;correct;
/home/zia/studies/Algorithm_Engineering/AlgorithmEngineering/wce-students/1-random/r059.dimacs;20;108;0.20;359;0;1;correct;
/home/zia/studies/Algorithm_Engineering/AlgorithmEngineering/wce-students/1-random/r061.dimacs;30;231;0.78;699;0;1;correct;
/home/zia/studies/Algorithm_Engineering/AlgorithmEngineering/wce-students/1-random/r063.dimacs;30;141;0.81;851;0;1;correct;
/home/zia/studies/Algorithm_Engineering/AlgorithmEngineering/wce-students/1-random/r065.dimacs;30;223;0.80;1019;0;1;correct;
/home/zia/studies/Algorithm_Engineering/AlgorithmEngineering/wce-students/1-random/r067.dimacs;30;159;0.75;933;0;1;correct;
/home/zia/studies/Algorithm_Engineering/AlgorithmEngineering/wce-students/1-random/r069.dimacs;30;197;0.78;793;0;1;correct;
/home/zia/studies/Algorithm_Engineering/AlgorithmEngineering/wce-students/1-random/r071.dimacs;30;165;0.75;893;0;1;correct;
/home/zia/studies/Algorithm_Engineering/AlgorithmEngineering/wce-students/1-random/r073.dimacs;30;165;0.74;893;0;1;correct;
/home/zia/studies/Algorithm_Engineering/AlgorithmEngineering/wce-students/1-random/r075.dimacs;30;150;0.91;707;0;1;correct;
/home/zia/studies/Algorithm_Engineering/AlgorithmEngineering/wce-students/1-random/r077.dimacs;30;163;0.77;889;0;1;correct;
/home/zia/studies/Algorithm_Engineering/AlgorithmEngineering/wce-students/1-random/r079.dimacs;30;163;0.78;889;0;1;correct;
/home/zia/studies/Algorithm_Engineering/AlgorithmEngineering/wce-students/1-random/r081.dimacs;40;440;2.31;1398;0;1;correct;
/home/zia/studies/Algorithm_Engineering/AlgorithmEngineering/wce-students/1-random/r083.dimacs;40;302;2.34;1741;0;1;correct;
/home/zia/studies/Algorithm_Engineering/AlgorithmEngineering/wce-students/1-random/r085.dimacs;40;291;2.41;1589;0;1;correct;
/home/zia/studies/Algorithm_Engineering/AlgorithmEngineering/wce-students/1-random/r087.dimacs;40;421;2.19;1631;0;1;correct;
/home/zia/studies/Algorithm_Engineering/AlgorithmEngineering/wce-students/1-random/r089.dimacs;40;346;2.25;1408;0;1;correct;
/home/zia/studies/Algorithm_Engineering/AlgorithmEngineering/wce-students/1-random/r091.dimacs;40;276;2.27;1380;0;1;correct;
/home/zia/studies/Algorithm_Engineering/AlgorithmEngineering/wce-students/1-random/r093.dimacs;40;533;2.21;1644;0;1;correct;
/home/zia/studies/Algorithm_Engineering/AlgorithmEngineering/wce-students/1-random/r095.dimacs;40;377;2.21;1488;0;1;correct;
/home/zia/studies/Algorithm_Engineering/AlgorithmEngineering/wce-students/1-random/r097.dimacs;50;747;5.19;2181;0;1;correct;
/home/zia/studies/Algorithm_Engineering/AlgorithmEngineering/wce-students/1-random/r099.dimacs;50;439;5.18;1945;0;1;correct;
/home/zia/studies/Algorithm_Engineering/AlgorithmEngineering/wce-students/1-random/r101.dimacs;50;439;5.15;1945;0;1;correct;
/home/zia/studies/Algorithm_Engineering/AlgorithmEngineering/wce-students/1-random/r103.dimacs;50;405;5.29;1985;0;1;correct;
/home/zia/studies/Algorithm_Engineering/AlgorithmEngineering/wce-students/1-random/r105.dimacs;50;513;5.43;2114;0;1;correct;
/home/zia/studies/Algorithm_Engineering/AlgorithmEngineering/wce-students/1-random/r107.dimacs;50;513;5.22;2114;0;1;correct;
/home/zia/studies/Algorithm_Engineering/AlgorithmEngineering/wce-students/1-random/r109.dimacs;50;469;5.31;2400;0;1;correct;
/home/zia/studies/Algorithm_Engineering/AlgorithmEngineering/wce-students/1-random/r111.dimacs;50;469;5.37;2400;0;1;correct;
/home/zia/studies/Algorithm_Engineering/AlgorithmEngineering/wce-students/1-random/r113.dimacs;50;606;5.31;2161;0;1;correct;
/home/zia/studies/Algorithm_Engineering/AlgorithmEngineering/wce-students/1-random/r115.dimacs;60;1244;4.76;3485;0;1;correct;
/home/zia/studies/Algorithm_Engineering/AlgorithmEngineering/wce-students/1-random/r117.dimacs;60;516;6.12;3243;0;1;correct;
/home/zia/studies/Algorithm_Engineering/AlgorithmEngineering/wce-students/1-random/r119.dimacs;60;534;4.56;3320;0;1;correct;
/home/zia/studies/Algorithm_Engineering/AlgorithmEngineering/wce-students/1-random/r121.dimacs;60;943;4.90;2993;0;1;correct;
/home/zia/studies/Algorithm_Engineering/AlgorithmEngineering/wce-students/1-random/r123.dimacs;60;854;5.92;3608;0;1;correct;
/home/zia/studies/Algorithm_Engineering/AlgorithmEngineering/wce-students/1-random/r125.dimacs;70;1481;9.01;4253;0;1;correct;
/home/zia/studies/Algorithm_Engineering/AlgorithmEngineering/wce-students/1-random/r127.dimacs;70;1433;8.55;4128;0;1;correct;
/home/zia/studies/Algorithm_Engineering/AlgorithmEngineering/wce-students/1-random/r129.dimacs;70;909;9.13;4352;0;1;correct;
/home/zia/studies/Algorithm_Engineering/AlgorithmEngineering/wce-students/1-random/r131.dimacs;80;2084;14.47;6988;0;1;correct;
/home/zia/studies/Algorithm_Engineering/AlgorithmEngineering/wce-students/1-random/r133.dimacs;80;1629;13.08;5673;0;1;correct;
/home/zia/studies/Algorithm_Engineering/AlgorithmEngineering/wce-students/1-random/r135.dimacs;80;1137;13.97;5467;0;1;correct;
/home/zia/studies/Algorithm_Engineering/AlgorithmEngineering/wce-students/1-random/r137.dimacs;80;1619;13.81;5566;0;1;correct;
/home/zia/studies/Algorithm_Engineering/AlgorithmEngineering/wce-students/1-random/r139.dimacs;90;1760;20.08;7229;0;1;correct;
/home/zia/studies/Algorithm_Engineering/AlgorithmEngineering/wce-students/1-random/r141.dimacs;90;1384;22.61;7305;0;1;correct;
/home/zia/studies/Algorithm_Engineering/AlgorithmEngineering/wce-students/1-random/r143.dimacs;90;2515;21.28;7208;0;1;correct;
/home/zia/studies/Algorithm_Engineering/AlgorithmEngineering/wce-students/1-random/r145.dimacs;90;2970;21.87;7366;0;1;correct;
/home/zia/studies/Algorithm_Engineering/AlgorithmEngineering/wce-students/1-random/r147.dimacs;100;3157;26.00;8928;0;1;correct;
/home/zia/studies/Algorithm_Engineering/AlgorithmEngineering/wce-students/1-random/r149.dimacs;100;1708;31.52;8291;0;1;correct;
/home/zia/studies/Algorithm_Engineering/AlgorithmEngineering/wce-students/1-random/r151.dimacs;100;1708;28.74;8291;0;1;correct;
/home/zia/studies/Algorithm_Engineering/AlgorithmEngineering/wce-students/1-random/r153.dimacs;100;2624;32.64;9106;0;1;correct;
/home/zia/studies/Algorithm_Engineering/AlgorithmEngineering/wce-students/1-random/r155.dimacs;100;2067;28.74;8086;0;1;correct;
/home/zia/studies/Algorithm_Engineering/AlgorithmEngineering/wce-students/1-random/r157.dimacs;100;2067;28.80;8086;0;1;correct;
/home/zia/studies/Algorithm_Engineering/AlgorithmEngineering/wce-students/1-random/r159.dimacs;100;2944;32.73;8885;0;1;correct;
/home/zia/studies/Algorithm_Engineering/AlgorithmEngineering/wce-students/2-real-world/w001.dimacs;4;3;0.00;0;0;1;correct;
/home/zia/studies/Algorithm_Engineering/AlgorithmEngineering/wce-students/2-real-world/w003.dimacs;6;8;0.04;21;0;1;correct;
/home/zia/studies/Algorithm_Engineering/AlgorithmEngineering/wce-students/2-real-world/w005.dimacs;16;118;0.09;4;0;1;correct;
/home/zia/studies/Algorithm_Engineering/AlgorithmEngineering/wce-students/2-real-world/w007.dimacs;16;107;0.11;7;0;1;correct;
/home/zia/studies/Algorithm_Engineering/AlgorithmEngineering/wce-students/2-real-world/w009.dimacs;13;77;0.05;8;0;1;correct;
/home/zia/studies/Algorithm_Engineering/AlgorithmEngineering/wce-students/2-real-world/w011.dimacs;14;88;0.08;10;0;1;correct;
/home/zia/studies/Algorithm_Engineering/AlgorithmEngineering/wce-students/2-real-world/w013.dimacs;15;48;0.07;14;0;1;correct;
/home/zia/studies/Algorithm_Engineering/AlgorithmEngineering/wce-students/2-real-world/w015.dimacs;10;14;0.02;16;0;1;correct;
/home/zia/studies/Algorithm_Engineering/AlgorithmEngineering/wce-students/2-real-world/w017.dimacs;14;60;0.05;20;0;1;correct;
/home/zia/studies/Algorithm_Engineering/AlgorithmEngineering/wce-students/2-real-world/w019.dimacs;16;112;0.09;22;0;1;correct;
/home/zia/studies/Algorithm_Engineering/AlgorithmEngineering/wce-students/2-real-world/w021.dimacs;11;22;0.02;24;0;1;correct;
/home/zia/studies/Algorithm_Engineering/AlgorithmEngineering/wce-students/2-real-world/w023.dimacs;16;39;0.08;80;0;1;correct;
/home/zia/studies/Algorithm_Engineering/AlgorithmEngineering/wce-students/2-real-world/w025.dimacs;16;95;0.11;84;0;1;correct;
/home/zia/studies/Algorithm_Engineering/AlgorithmEngineering/wce-students/2-real-world/w027.dimacs;16;84;0.07;88;0;1;correct;
/home/zia/studies/Algorithm_Engineering/AlgorithmEngineering/wce-students/2-real-world/w029.dimacs;16;68;0.11;92;0;1;correct;
/home/zia/studies/Algorithm_Engineering/AlgorithmEngineering/wce-students/2-real-world/w031.dimacs;13;75;0.05;102;0;1;correct;
/home/zia/studies/Algorithm_Engineering/AlgorithmEngineering/wce-students/2-real-world/w033.dimacs;16;48;0.08;105;0;1;correct;
/home/zia/studies/Algorithm_Engineering/AlgorithmEngineering/wce-students/2-real-world/w035.dimacs;16;45;0.11;122;0;1;correct;
/home/zia/studies/Algorithm_Engineering/AlgorithmEngineering/wce-students/2-real-world/w037.dimacs;15;45;0.10;140;0;1;correct;
/home/zia/studies/Algorithm_Engineering/AlgorithmEngineering/wce-students/2-real-world/w039.dimacs;18;139;0.13;7;0;1;correct;
/home/zia/studies/Algorithm_Engineering/AlgorithmEngineering/wce-students/2-real-world/w041.dimacs;17;40;0.09;16;0;1;correct;
/home/zia/studies/Algorithm_Engineering/AlgorithmEngineering/wce-students/2-real-world/w043.dimacs;16;92;0.09;21;0;1;correct;
/home/zia/studies/Algorithm_Engineering/AlgorithmEngineering/wce-students/2-real-world/w045.dimacs;15;86;0.09;27;0;1;correct;
/home/zia/studies/Algorithm_Engineering/AlgorithmEngineering/wce-students/2-real-world/w047.dimacs;15;81;0.07;38;0;1;correct;
/home/zia/studies/Algorithm_Engineering/AlgorithmEngineering/wce-students/2-real-world/w049.dimacs;18;143;0.13;46;0;1;correct;
/home/zia/studies/Algorithm_Engineering/AlgorithmEngineering/wce-students/2-real-world/w051.dimacs;17;115;0.11;53;0;1;correct;
/home/zia/studies/Algorithm_Engineering/AlgorithmEngineering/wce-students/2-real-world/w053.dimacs;15;82;0.09;56;0;1;correct;
/home/zia/studies/Algorithm_Engineering/AlgorithmEngineering/wce-students/2-real-world/w055.dimacs;43;268;2.93;1064;0;1;correct;
/home/zia/studies/Algorithm_Engineering/AlgorithmEngineering/wce-students/2-real-world/w057.dimacs;44;893;3.23;216;0;1;correct;
/home/zia/studies/Algorithm_Engineering/AlgorithmEngineering/wce-students/2-real-world/w059.dimacs;44;784;3.34;1196;0;1;correct;
/home/zia/studies/Algorithm_Engineering/AlgorithmEngineering/wce-students/2-real-world/w061.dimacs;44;634;3.52;1463;0;1;correct;
/home/zia/studies/Algorithm_Engineering/AlgorithmEngineering/wce-students/2-real-world/w063.dimacs;44;759;3.26;280;0;1;correct;
/home/zia/studies/Algorithm_Engineering/AlgorithmEngineering/wce-students/2-real-world/w065.dimacs;44;304;3.16;345;0;1;correct;
/home/zia/studies/Algorithm_Engineering/AlgorithmEngineering/wce-students/2-real-world/w067.dimacs;44;554;3.19;787;0;1;correct;
/home/zia/studies/Algorithm_Engineering/AlgorithmEngineering/wce-students/2-real-world/w069.dimacs;44;910;3.27;153;0;1;correct;
/home/zia/studies/Algorithm_Engineering/AlgorithmEngineering/wce-students/2-real-world/w071.dimacs;45;313;3.44;226;0;1;correct;
/home/zia/studies/Algorithm_Engineering/AlgorithmEngineering/wce-students/2-real-world/w073.dimacs;45;926;3.56;158;0;1;correct;
/home/zia/studies/Algorithm_Engineering/AlgorithmEngineering/wce-students/2-real-world/w075.dimacs;45;438;3.31;774;0;1;correct;
/home/zia/studies/Algorithm_Engineering/AlgorithmEngineering/wce-students/2-real-world/w077.dimacs;45;635;3.76;1321;0;1;correct;
/home/zia/studies/Algorithm_Engineering/AlgorithmEngineering/wce-students/2-real-world/w079.dimacs;42;470;3.11;1461;0;1;correct;
/home/zia/studies/Algorithm_Engineering/AlgorithmEngineering/wce-students/2-real-world/w081.dimacs;45;833;3.64;840;0;1;correct;
/home/zia/studies/Algorithm_Engineering/AlgorithmEngineering/wce-students/2-real-world/w083.dimacs;45;811;3.60;774;0;1;correct;
/home/zia/studies/Algorithm_Engineering/AlgorithmEngineering/wce-students/2-real-world/w085.dimacs;45;782;3.63;1031;0;1;correct;
/home/zia/studies/Algorithm_Engineering/AlgorithmEngineering/wce-students/2-real-world/w087.dimacs;46;927;3.87;343;0;1;correct;
/home/zia/studies/Algorithm_Engineering/AlgorithmEngineering/wce-students/2-real-world/w089.dimacs;49;515;13.51;1739;0;1;correct;
/home/zia/studies/Algorithm_Engineering/AlgorithmEngineering/wce-students/2-real-world/w091.dimacs;64;902;6.01;1760;0;1;correct;
/home/zia/studies/Algorithm_Engineering/AlgorithmEngineering/wce-students/2-real-world/w093.dimacs;62;1785;4.95;645;0;1;correct;
/home/zia/studies/Algorithm_Engineering/AlgorithmEngineering/wce-students/2-real-world/w095.dimacs;64;1632;6.71;1801;0;1;correct;
/home/zia/studies/Algorithm_Engineering/AlgorithmEngineering/wce-students/2-real-world/w097.dimacs;60;805;12.70;3313;0;1;correct;
/home/zia/studies/Algorithm_Engineering/AlgorithmEngineering/wce-students/2-real-world/w099.dimacs;65;2023;5.83;428;0;1;correct;
/home/zia/studies/Algorithm_Engineering/AlgorithmEngineering/wce-students/2-real-world/w101.dimacs;65;1254;8.76;3157;0;1;correct;
/home/zia/studies/Algorithm_Engineering/AlgorithmEngineering/wce-students/2-real-world/w103.dimacs;62;1166;7.62;2031;0;1;correct;
/home/zia/studies/Algorithm_Engineering/AlgorithmEngineering/wce-students/2-real-world/w105.dimacs;65;1441;7.80;2820;0;1;correct;
/home/zia/studies/Algorithm_Engineering/AlgorithmEngineering/wce-students/2-real-world/w107.dimacs;57;917;13.83;2828;0;1;correct;
/home/zia/studies/Algorithm_Engineering/AlgorithmEngineering/wce-students/2-real-world/w109.dimacs;77;618;11.33;1470;0;1;correct;
/home/zia/studies/Algorithm_Engineering/AlgorithmEngineering/wce-students/2-real-world/w111.dimacs;78;1837;20.48;4685;0;1;correct;
/home/zia/studies/Algorithm_Engineering/AlgorithmEngineering/wce-students/2-real-world/w113.dimacs;79;861;13.35;1808;0;1;correct;
/home/zia/studies/Algorithm_Engineering/AlgorithmEngineering/wce-students/2-real-world/w115.dimacs;80;2387;11.09;772;0;1;correct;
/home/zia/studies/Algorithm_Engineering/AlgorithmEngineering/wce-students/2-real-world/w117.dimacs;81;531;12.12;485;0;1;correct;
/home/zia/studies/Algorithm_Engineering/AlgorithmEngineering/wce-students/2-real-world/w119.dimacs;82;1278;13.14;2056;0;1;correct;
/home/zia/studies/Algorithm_Engineering/AlgorithmEngineering/wce-students/2-real-world/w121.dimacs;119;2717;65.31;3546;0;1;correct;
/home/zia/studies/Algorithm_Engineering/AlgorithmEngineering/wce-students/2-real-world/w123.dimacs;119;2029;80.36;6514;0;1;correct;
/home/zia/studies/Algorithm_Engineering/AlgorithmEngineering/wce-students/2-real-world/w125.dimacs;128;4088;68.75;2008;0;1;correct;
/home/zia/studies/Algorithm_Engineering/AlgorithmEngineering/wce-students/2-real-world/w127.dimacs;123;2155;92.34;5045;0;1;correct;
/home/zia/studies/Algorithm_Engineering/AlgorithmEngineering/wce-students/2-real-world/w129.dimacs;130;7692;72.27;1399;0;1;correct;
/home/zia/studies/Algorithm_Engineering/AlgorithmEngineering/wce-students/2-real-world/w131.dimacs;137;1525;148.91;6072;0;1;correct;
/home/zia/studies/Algorithm_Engineering/AlgorithmEngineering/wce-students/2-real-world/w133.dimacs;127;1443;117.20;4371;0;1;correct;
/home/zia/studies/Algorithm_Engineering/AlgorithmEngineering/wce-students/2-real-world/w135.dimacs;108;2811;233.55;11024;0;1;correct;
/home/zia/studies/Algorithm_Engineering/AlgorithmEngineering/wce-students/2-real-world/w137.dimacs;146;3495;102.60;1784;0;1;correct;
/home/zia/studies/Algorithm_Engineering/AlgorithmEngineering/wce-students/2-real-world/w139.dimacs;154;5117;160.15;7945;0;1;correct;
/home/zia/studies/Algorithm_Engineering/AlgorithmEngineering/wce-students/2-real-world/w141.dimacs;152;3960;282.82;8857;0;1;correct;
/home/zia/studies/Algorithm_Engineering/AlgorithmEngineering/wce-students/2-real-world/w143.dimacs;159;1751;160.18;7115;0;1;correct;
/home/zia/studies/Algorithm_Engineering/AlgorithmEngineering/wce-students/2-real-world/w145.dimacs;160;1673;;;;0;
/home/zia/studies/Algorithm_Engineering/AlgorithmEngineering/wce-students/2-real-world/w147.dimacs;163;1322;;;;0;
/home/zia/studies/Algorithm_Engineering/AlgorithmEngineering/wce-students/2-real-world/w149.dimacs;202;10730;;;;0;
/home/zia/studies/Algorithm_Engineering/AlgorithmEngineering/wce-students/2-real-world/w151.dimacs;216;7190;;;;0;
/home/zia/studies/Algorithm_Engineering/AlgorithmEngineering/wce-students/2-real-world/w153.dimacs;204;938;;;;0;
/home/zia/studies/Algorithm_Engineering/AlgorithmEngineering/wce-students/2-real-world/w155.dimacs;126;1469;;;;0;
/home/zia/studies/Algorithm_Engineering/AlgorithmEngineering/wce-students/2-real-world/w157.dimacs;449;8631;;;;0;
/home/zia/studies/Algorithm_Engineering/AlgorithmEngineering/wce-students/2-real-world/w159.dimacs;551;18828;;;;0;
/home/zia/studies/Algorithm_Engineering/AlgorithmEngineering/wce-students/2-real-world/w161.dimacs;276;5142;;;;0;
/home/zia/studies/Algorithm_Engineering/AlgorithmEngineering/wce-students/2-real-world/w163.dimacs;361;18009;;;;0;
